,agency_code,school,zip_code,year,2019_med_hh_inc,int_pubsr,int_privsr,int_commcoll,int_privjr,int_trdbusnrs,int_other,int_totalsecondary,AP_pass_pct,AP_part_pct,CTE_cred_pct,CTE_enroll_pct,enroll_All,enroll_AmericanIndian,enroll_Asian,enroll_Black,enroll_Disadvantaged,enroll_EnglishLearners,enroll_Female,enroll_Hispanic,enroll_Male,enroll_Twoormore,enroll_PacificIslander,enroll_Disabilities,enroll_White,secondary_counselors
0,600302,Ardrey Kell High School,28277,2011,109251.0,271.0,54.0,76.0,2.5,2.5,35.0,439.0,,,,,0.8883,0.95,0.8775,0.847,0.807,0.75,0.8842,0.7916,0.8923,0.95,,0.8421,0.9094,
1,600334,Cato Middle College High School,28215,2011,50704.0,39.0,2.5,8.0,,2.5,2.5,56.0,,,,,0.875,0.95,0.95,0.9142,0.8518,0.95,0.8947,0.6,0.8333,,,,0.8181,
2,600361,Butler High School,28105,2011,117852.0,224.0,49.0,191.0,5.0,16.0,68.0,553.0,,,,,0.7851,0.6666,0.8095,0.6982,0.731,0.6666,0.8096,0.6363,0.7584,0.9,,0.4074,0.8291,
3,600364,Military and Global Leadership,28205,2011,50200.0,5.0,2.5,2.5,,,2.5,10.0,,,,,0.7,,0.95,0.625,0.75,,0.6666,0.95,0.75,,,0.95,,
4,600376,,,2011,,37.0,7.0,73.0,2.5,2.5,36.0,158.0,,,,,0.4113,0.95,0.5,0.5357,0.3898,0.08,0.4567,0.228,0.3636,,,0.3,0.4166,
5,600377,East Mecklenburg High School,28212,2011,46688.0,165.0,32.0,114.0,2.5,2.5,30.0,346.0,,,,,0.7225,0.95,0.8888,0.6896,0.6601,0.5862,0.7451,0.5238,0.6884,0.5714,,0.3,0.8174,
6,600386,Hawthorne Academy of Health Sciences,28205,2011,50200.0,11.0,9.0,64.0,,11.0,14.0,109.0,,,,,0.3761,,0.95,0.3829,0.358,0.95,0.3797,0.1666,0.3666,,,0.2666,0.5,
7,600405,Harding University High School,28208,2011,42570.0,126.0,29.0,38.0,,11.0,12.0,216.0,,,,,0.8055,,0.7692,0.7967,0.8211,,0.8425,0.95,0.7528,0.95,,0.8,0.8888,
8,600415,Hopewell High School,28078,2011,82225.0,289.0,26.0,125.0,5.0,2.5,81.0,530.0,,,,,0.6698,0.2857,0.8181,0.5648,0.503,0.4,0.6889,0.4705,0.645,0.6363,,0.4516,0.796,
9,600426,Independence High School,28227,2011,43990.0,194.0,28.0,166.0,2.5,20.0,61.0,471.0,,,,,0.622,0.3333,0.647,0.6485,0.6117,0.475,0.6987,0.4459,0.5431,0.7333,,0.3214,0.6744,
10,600445,Mallard Creek High School,28269,2011,60423.0,227.0,53.0,147.0,2.5,2.5,46.0,478.0,,,,,0.7782,0.95,0.8636,0.7256,0.6918,0.5,0.8132,0.5312,0.7426,0.95,,0.52,0.9154,
11,600461,,,2011,,,,,,,2.5,2.5,,,,,,,,,,,,,,,,,,
12,600466,Myers Park High School,28209,2011,99628.0,340.0,68.0,81.0,2.5,,89.0,580.0,,,,,0.7965,0.95,0.8297,0.6857,0.6209,0.5789,0.8273,0.6285,0.7682,0.6,,0.5909,0.8397,
13,600480,North Mecklenburg High School,28078,2011,82225.0,246.0,77.0,105.0,5.0,7.0,37.0,477.0,,,,,0.87,,0.95,0.752,0.7452,0.3333,0.8666,0.64,0.8738,0.95,,0.6538,0.9285,
14,600482,,,2011,,72.0,23.0,29.0,2.5,,12.0,137.0,,,,,0.8248,0.95,,0.7656,0.7631,,0.87,0.95,0.7027,0.6666,,0.6666,0.8906,
15,600496,Phillip O Berry Academy of Technology,28208,2011,42570.0,133.0,20.0,83.0,2.5,2.5,15.0,256.0,,,,,0.7031,,0.6666,0.7156,0.6783,0.95,0.7716,0.75,0.6356,,,0.5833,0.6,
16,600498,Performance Learning Center,28262,2011,,2.5,2.5,47.0,2.5,,10.0,64.0,,,,,0.625,,0.95,0.3076,0.4761,,0.5641,,0.72,0.95,,,0.8484,
17,600508,Providence High School,28270,2011,82270.0,301.0,62.0,85.0,,,13.0,461.0,,,,,0.9327,,0.9302,0.8888,0.8648,0.6,0.9495,0.8235,0.9147,0.8571,,0.7058,0.9479,
18,600535,South Mecklenburg High School,28210,2011,87928.0,186.0,39.0,129.0,,7.0,37.0,398.0,,,,,0.7889,0.95,0.909,0.7157,0.6982,0.6153,0.8367,0.661,0.7425,0.3333,,0.6956,0.8486,
19,600576,West Charlotte High School,28216,2011,64442.0,148.0,12.0,82.0,2.5,5.0,23.0,271.0,,,,,0.5477,,0.7777,0.5582,0.5257,0.5384,0.56,0.2222,0.5327,,,0.4333,0.25,
20,600579,West Mecklenburg High School,28214,2011,65706.0,81.0,41.0,136.0,2.5,12.0,62.0,335.0,,,,,0.497,,0.5185,0.4917,0.5301,0.2272,0.5561,0.2727,0.4228,0.3333,,0.1818,0.6666,
21,600592,Julius L. Chambers High School,28262,2011,,121.0,30.0,141.0,2.5,8.0,64.0,367.0,,,,,0.5722,0.8333,0.647,0.5952,0.5806,0.5945,0.6195,0.4637,0.5123,0.95,,0.3571,0.5,
22,600690,,,2011,,21.0,6.0,22.0,2.5,2.5,6.0,60.0,,,,,0.4833,,0.75,0.5476,0.5,0.5,0.4666,0.2307,0.5,,,0.2857,,
23,600691,,,2011,,17.0,,20.0,,2.5,16.0,55.0,,,,,0.3818,,,0.3658,0.3958,0.25,0.5,0.5,0.2592,,,0.2142,,
24,600692,,,2011,,16.0,9.0,18.0,2.5,10.0,18.0,72.0,,,,,0.5833,,0.95,0.6346,0.619,0.3076,0.6136,0.3076,0.5357,0.5,,0.6,0.5,
25,600693,,,2011,,36.0,2.5,21.0,,2.5,12.0,74.0,,,,,0.581,0.95,,0.7222,0.4827,,0.6,0.4705,0.5416,,,0.2,0.5833,
26,600694,,,2011,,66.0,9.0,22.0,,,2.5,99.0,,,,,0.7171,0.5,0.75,0.619,0.7105,0.95,0.7567,0.9,0.6935,0.5,,0.6,0.7307,
27,600695,,,2011,,38.0,6.0,29.0,2.5,,6.0,80.0,,,,,0.625,,0.5,0.6206,0.6451,0.4285,0.6444,0.65,0.6,0.75,0.95,0.3333,0.5882,
28,600696,,,2011,,31.0,12.0,27.0,,2.5,12.0,86.0,,,,,0.6744,,0.6666,0.6909,0.653,0.8333,0.7659,0.5555,0.5641,,,0.5,0.8,
29,600697,,,2011,,49.0,2.5,30.0,,,7.0,90.0,,,,,0.6444,,0.9375,0.6666,0.6923,0.3333,0.6825,0.5263,0.5555,0.95,,,0.5,
30,600698,,,2011,,49.0,2.5,21.0,,2.5,2.5,78.0,,,,,0.5128,,0.4444,0.5675,0.4821,0.3571,0.4,0.35,0.5517,,,0.5,0.6666,
31,600699,,,2011,,9.0,,50.0,,2.5,2.5,63.0,,,,,0.5238,,,0.6578,0.5,0.3076,0.4102,0.2631,0.7083,,,0.2857,0.75,
32,600302,Ardrey Kell High School,28277,2012,109251.0,321.0,70.0,116.0,2.5,2.5,21.0,534.0,,,,,0.8782,0.95,0.8709,0.8208,0.75,0.8,0.8666,0.8717,0.8897,0.95,,0.5263,0.8888,
33,600312,William Amos Hough High,28031,2012,91151.0,236.0,36.0,106.0,,7.0,23.0,408.0,,,,,0.7975,0.95,0.8333,0.7777,0.6428,0.6666,0.8316,0.6,0.7663,0.6666,,0.6875,0.8104,
34,600334,Cato Middle College High School,28215,2012,50704.0,64.0,16.0,16.0,,,2.5,98.0,,,,,0.9183,,0.8888,0.9347,0.9189,,0.8904,0.9,0.95,,,,0.909,
35,600361,Butler High School,28105,2012,117852.0,167.0,50.0,188.0,5.0,17.0,58.0,485.0,,,,,0.6776,0.95,0.5714,0.56,0.559,0.4117,0.7368,0.566,0.616,0.923,0.95,0.4193,0.7528,
36,600364,Military and Global Leadership,28205,2012,50200.0,9.0,2.5,6.0,,,5.0,22.0,,,,,0.5454,,,0.6428,0.5,,0.5555,,0.5384,,,0.6666,0.75,
37,600377,East Mecklenburg High School,28212,2012,46688.0,131.0,40.0,112.0,2.5,6.0,31.0,322.0,,,,,0.6443,0.95,0.5555,0.5975,0.5628,0.3333,0.6875,0.5106,0.5947,0.909,0.95,0.3809,0.8051,
38,600386,Hawthorne Academy of Health Sciences,28205,2012,50200.0,2.5,2.5,43.0,2.5,2.5,2.5,56.0,,,,,0.4181,0.95,0.95,0.3488,0.3877,,0.3953,0.6,0.5,,,0.2222,,
39,600405,Harding University High School,28208,2012,42570.0,142.0,32.0,76.0,2.5,2.5,25.0,281.0,,,,,0.6021,0.95,0.75,0.6533,0.5868,0.2727,0.6687,0.3684,0.5123,0.2,,0.3181,0.2857,
40,600415,Hopewell High School,28078,2012,82225.0,161.0,33.0,143.0,2.5,14.0,35.0,389.0,,,,,0.6275,0.95,0.8571,0.5539,0.5301,0.1111,0.6473,0.606,0.6054,0.4285,,0.3428,0.7357,
41,600426,Independence High School,28227,2012,43990.0,141.0,21.0,145.0,2.5,13.0,56.0,379.0,,,,,0.5567,,0.4166,0.4825,0.4059,0.1739,0.5824,0.3584,0.5309,0.2,,0.1818,0.7222,
42,600445,Mallard Creek High School,28269,2012,60423.0,235.0,35.0,198.0,2.5,6.0,21.0,496.0,,,,,0.7168,0.95,0.8947,0.6719,0.6442,0.6666,0.751,0.7666,0.6827,0.5833,,0.48,0.8067,
43,600457,Rocky River High School,28227,2012,43990.0,117.0,30.0,140.0,2.5,6.0,73.0,368.0,,,,,0.6229,,0.5714,0.6322,0.5866,0.2631,0.6927,0.4769,0.5459,0.8888,,0.3571,0.7272,
44,600461,,,2012,,,,2.5,,,2.5,5.0,,,,,,,,,,,,,,,,,,
45,600466,Myers Park High School,28209,2012,99628.0,344.0,74.0,114.0,2.5,2.5,94.0,628.0,,,,,0.7511,0.95,0.8571,0.4539,0.5454,0.56,0.7641,0.54,0.7383,0.9166,,0.3421,0.8673,
46,600480,North Mecklenburg High School,28078,2012,82225.0,125.0,45.0,72.0,2.5,16.0,43.0,302.0,,,,,0.6688,0.95,0.8571,0.647,0.5974,,0.6923,0.4444,0.6442,0.6,,0.3157,0.764,
47,600482,,,2012,,67.0,23.0,35.0,,2.5,2.5,130.0,,,,,0.7461,,0.95,0.7333,0.6444,,0.7956,0.7692,0.6216,0.95,,0.6,0.7428,
48,600496,Phillip O Berry Academy of Technology,28208,2012,42570.0,155.0,38.0,52.0,,5.0,16.0,266.0,,,,,0.7116,,0.8571,0.7236,0.7371,,0.7737,0.7142,0.6461,0.7272,,0.25,0.5714,
49,600498,Performance Learning Center,28262,2012,,9.0,2.5,92.0,,2.5,2.5,109.0,,,,,0.4074,,0.6666,0.2619,0.25,,0.4375,0.4285,0.3833,,,0.6,0.509,
50,600508,Providence High School,28270,2012,82270.0,298.0,67.0,88.0,2.5,5.0,10.0,470.0,,,,,0.9135,0.95,0.8684,0.75,0.8888,0.5714,0.909,0.84,0.9185,0.75,,0.8235,0.9445,
51,600535,South Mecklenburg High School,28210,2012,87928.0,209.0,64.0,163.0,,14.0,39.0,489.0,,,,,0.7525,0.95,0.8518,0.6218,0.6046,0.2916,0.78,0.5662,0.7229,0.4285,,0.5,0.877,
52,600576,West Charlotte High School,28216,2012,64442.0,103.0,23.0,71.0,5.0,18.0,30.0,250.0,,,,,0.559,0.95,0.4666,0.5726,0.538,0.1818,0.5477,0.2857,0.5773,0.95,,0.2727,,
53,600579,West Mecklenburg High School,28214,2012,65706.0,83.0,43.0,181.0,2.5,9.0,87.0,404.0,,,,,0.4975,0.3333,0.3823,0.5486,0.4947,0.25,0.5811,0.3809,0.385,0.4285,,0.2888,0.4864,
54,600592,Julius L. Chambers High School,28262,2012,,95.0,41.0,149.0,2.5,13.0,67.0,366.0,,,,,0.5851,0.95,0.6875,0.619,0.5781,0.3571,0.665,0.4383,0.4943,0.5,,0.2972,0.375,
55,600690,,,2012,,14.0,2.5,42.0,,2.5,10.0,68.0,,,,,0.397,,0.8333,0.4186,0.3968,0.5,0.3947,0.1875,0.4,0.95,,0.25,,
56,600691,,,2012,,19.0,2.5,26.0,,2.5,29.0,79.0,,,,,0.405,0.95,0.6,0.4363,0.4,0.1666,0.5945,0.1875,0.238,,,0.05,0.5,
57,600692,,,2012,,6.0,13.0,20.0,,2.5,19.0,59.0,,,,,0.4067,,0.2,0.4358,0.4705,0.4444,0.5185,0.4545,0.3125,,,0.5,0.25,
58,600693,,,2012,,27.0,10.0,30.0,,,14.0,81.0,,,,,0.4523,,0.2857,0.4615,0.4318,0.1428,0.5,0.55,0.3947,,,0.1428,0.4642,
59,600694,,,2012,,53.0,13.0,19.0,,,2.5,89.0,,,,,0.7977,0.95,0.75,0.8518,0.7586,,0.7714,0.647,0.8148,0.95,,0.95,0.8205,
60,600695,,,2012,,45.0,,38.0,,2.5,2.5,87.0,,,,,0.4022,0.95,0.8333,0.25,0.4137,0.125,0.4166,0.4285,0.3846,0.7142,,0.25,0.4166,
61,600696,,,2012,,27.0,9.0,29.0,,2.5,10.0,77.0,,,,,0.4743,,0.3333,0.5423,0.4545,0.3333,0.475,0.2727,0.4736,,,0.3636,0.5,
62,600697,,,2012,,39.0,5.0,43.0,2.5,2.5,5.0,96.0,,,,,0.6804,0.95,0.7058,0.7045,0.625,0.75,0.7586,0.5294,0.5641,0.75,,0.2,0.7142,
63,600698,,,2012,,45.0,,25.0,,,2.5,72.0,,,,,0.4861,,0.25,0.5102,0.4705,0.3333,0.625,0.4166,0.375,0.95,,0.4285,0.5,
64,600302,Ardrey Kell High School,28277,2013,109251.0,329.0,64.0,126.0,2.5,2.5,20.0,544.0,,,,,0.8726937269,,0.110701107,0.13099631,0.1143911439,,0.4298892989,,0.442804428,,,,0.573800738,
65,600312,William Amos Hough High,28031,2013,91151.0,215.0,55.0,138.0,,12.0,37.0,457.0,,,,,0.7527352298,,,0.0897155361,0.0984682713,,0.3938730853,,0.3588621444,,,,0.6017505471,
66,600334,Cato Middle College High School,28215,2013,50704.0,63.0,16.0,17.0,,,2.5,99.0,,,,,0.8888888889,,,0.3434343434,0.3131313131,,0.5858585859,0.0606060606,0.303030303,,,,0.4141414141,
67,600361,Butler High School,28105,2013,117852.0,179.0,50.0,178.0,2.5,9.0,64.0,481.0,,,,,0.7308488613,,,0.1884057971,0.231884058,,0.3726708075,0.0600414079,0.3581780538,,,,0.4223602485,
68,600364,Military and Global Leadership,28205,2013,50200.0,2.5,7.0,8.0,,2.5,6.0,25.0,,,,,0.56,,,0.32,0.24,,0.28,0.12,0.28,,,,0.12,
69,600377,East Mecklenburg High School,28212,2013,46688.0,151.0,40.0,105.0,2.5,2.5,45.0,347.0,,,,,0.6628571429,,0.0514285714,0.2942857143,0.3571428571,,0.3542857143,0.0828571429,0.3085714286,,,,0.2142857143,
70,600386,Hawthorne Academy of Health Sciences,28205,2013,50200.0,,,49.0,,,2.5,50.0,,,,,0.2325581395,,,0.2093023256,0.1860465116,,0.1860465116,,,,,0.0930232558,,
71,600397,Garinger High School,28205,2013,50200.0,64.0,23.0,183.0,,14.0,59.0,343.0,,,,,0.4375,,0.0539772727,0.2642045455,0.3579545455,,0.2556818182,0.0880681818,0.1818181818,,,,,
72,600405,Harding University High School,28208,2013,42570.0,114.0,17.0,110.0,,11.0,43.0,295.0,,,,,0.5068027211,,,0.4081632653,0.380952381,,0.3333333333,,0.1734693878,,,,,
73,600415,Hopewell High School,28078,2013,82225.0,173.0,26.0,149.0,2.5,7.0,37.0,395.0,,,,,0.6005154639,,,0.2628865979,0.2010309278,,0.3067010309,0.0618556701,0.293814433,,,,0.2293814433,
74,600426,Independence High School,28227,2013,43990.0,143.0,29.0,207.0,2.5,30.0,45.0,456.0,,,,,0.5615550756,,,0.2138228942,0.2807775378,,0.3196544277,0.0691144708,0.241900648,,,,0.2289416847,
75,600445,Mallard Creek High School,28269,2013,60423.0,307.0,12.0,170.0,2.5,2.5,42.0,534.0,,,,,0.6022514071,,,0.3377110694,0.225140713,,0.3283302064,,0.2739212008,,,,0.1688555347,
76,600457,Rocky River High School,28227,2013,43990.0,114.0,25.0,100.0,5.0,8.0,82.0,334.0,,,,,0.6426426426,,,0.4114114114,0.3753753754,,0.3633633634,0.0960960961,0.2792792793,,,,0.0960960961,
77,600461,,,2013,,,,,,,2.5,2.5,,,,,,,,,,,,,,,,,,
78,600466,Myers Park High School,28209,2013,99628.0,297.0,86.0,88.0,2.5,2.5,120.0,594.0,,,,,0.7042016807,,,0.1226890756,0.1596638656,,0.3663865546,,0.3378151261,,,,0.4773109244,
79,600480,North Mecklenburg High School,28078,2013,82225.0,125.0,38.0,109.0,2.5,19.0,45.0,339.0,,,,,0.6119402985,,,0.3402985075,0.223880597,,0.3462686567,0.0507462687,0.2656716418,,,,0.1880597015,
80,600482,,,2013,,60.0,16.0,30.0,,2.5,7.0,114.0,,,,,0.798245614,,,0.350877193,0.2719298246,,0.5877192983,0.052631579,0.2105263158,,,0.052631579,0.3596491228,
81,600496,Phillip O Berry Academy of Technology,28208,2013,42570.0,188.0,25.0,47.0,2.5,2.5,17.0,282.0,,,,,0.6898954704,,,0.5191637631,0.4808362369,,0.3554006969,0.0662020906,0.3344947735,,,,,
82,600498,Performance Learning Center,28262,2013,,6.0,2.5,78.0,5.0,,8.0,101.0,,,,,0.4791666667,,,0.1770833333,0.1875,,0.2604166667,,0.21875,,,,0.2083333333,
83,600508,Providence High School,28270,2013,82270.0,236.0,58.0,117.0,2.5,2.5,27.0,445.0,,,,,0.8488888889,,0.06,0.0777777778,0.0977777778,,0.4666666667,,0.3822222222,,,,0.6733333333,
84,600535,South Mecklenburg High School,28210,2013,87928.0,193.0,47.0,205.0,2.5,10.0,41.0,498.0,,,,,0.698989899,,,0.1393939394,0.2242424242,,0.3676767677,0.1191919192,0.3313131313,,,,0.3878787879,
85,600576,West Charlotte High School,28216,2013,64442.0,130.0,31.0,188.0,,14.0,27.0,390.0,,,,,0.4565217391,,,0.4184782609,0.3777173913,,0.2717391304,,0.1847826087,,,,,
86,600579,West Mecklenburg High School,28214,2013,65706.0,61.0,17.0,195.0,2.5,11.0,124.0,409.0,,,,,0.4648241206,,,0.3115577889,0.3190954774,,0.2989949749,0.0628140704,0.1658291457,,,,,
87,600592,Julius L. Chambers High School,28262,2013,,113.0,19.0,171.0,2.5,21.0,72.0,397.0,,,,,0.5536585366,,,0.3829268293,0.4,,0.3073170732,0.1097560976,0.2463414634,,,,,
88,600693,,,2013,,33.0,15.0,33.0,,,18.0,99.0,,,,,0.6078431373,,,0.1568627451,0.2156862745,,0.3921568628,0.0980392157,0.2156862745,,,,0.2941176471,
89,600694,,,2013,,43.0,15.0,41.0,,2.5,21.0,121.0,,,,,0.6416666667,,,0.2,0.1916666667,,0.175,0.0916666667,0.4666666667,,,,0.3083333333,
90,600695,,,2013,,9.0,2.5,48.0,2.5,2.5,29.0,94.0,,,,,0.5268817204,,,0.2688172043,0.3333333333,,0.3225806452,0.1612903226,0.2043010753,,,,,
91,600696,,,2013,,17.0,14.0,31.0,,,42.0,104.0,,,,,0.4851485149,,,0.297029703,0.2871287129,,0.3465346535,0.1782178218,0.1386138614,,,,,
92,600697,,,2013,,42.0,2.5,41.0,2.5,,7.0,96.0,,,,,0.7473684211,,0.0736842105,0.4105263158,0.3157894737,,0.4,0.0947368421,0.3473684211,,,,0.1578947368,
93,,,,2013,,3408.0,757.0,2962.0,42.0,185.0,1090.0,8444.0,,,,,,,,,,,,,,,,,,
94,,,,2013,,,,,,,,,,,,,,,,,,,,,,,,,,
95,600302,Ardrey Kell High School,28277,2014,109251.0,326.0,74.0,127.0,2.5,,25.0,553.0,0.83,0.39,,,0.8770053476,,0.0962566845,0.0837789661,0.0998217469,,0.4438502674,0.0802139037,0.4331550802,,,,0.5918003565,
96,600312,William Amos Hough High,28031,2014,91151.0,242.0,55.0,157.0,2.5,5.0,19.0,480.0,0.66,0.31,,,0.7873210634,,,0.081799591,0.100204499,,0.4192229039,,0.3680981595,,,,0.654396728,
97,600334,Cato Middle College High School,28215,2014,50704.0,69.0,8.0,17.0,,,2.5,96.0,0.53,0.72,,,0.8958333333,,0.09375,0.46875,0.25,,0.5729166667,0.0625,0.3229166667,,,,0.2604166667,
98,600361,Butler High School,28105,2014,117852.0,201.0,45.0,161.0,,8.0,73.0,488.0,0.68,0.24,,,0.7235772358,,,0.1951219512,0.2296747968,,0.3719512195,0.093495935,0.3516260163,,,,0.3841463415,
99,600364,Military and Global Leadership,28205,2014,50200.0,6.0,2.5,8.0,,,2.5,20.0,,0.44,,,0.75,,,0.35,0.45,0.05,0.4,0.25,0.35,,,,0.15,
100,600377,East Mecklenburg High School,28212,2014,46688.0,146.0,33.0,111.0,2.5,2.5,38.0,331.0,0.44,0.11,,,0.6617210683,,,0.3026706232,0.350148368,,0.3768545994,0.0830860534,0.2848664688,,,,0.2077151335,
101,600386,Hawthorne Academy of Health Sciences,28205,2014,50200.0,,,46.0,,,,46.0,,,,,0.0869565217,,,0.0652173913,0.0869565217,,0.0652173913,,,,,,,
102,600397,Garinger High School,28205,2014,50200.0,64.0,10.0,156.0,2.5,7.0,81.0,320.0,0.08,0.07,,,0.3806646526,,0.0543806647,0.2265861027,0.3111782477,0.0574018127,0.1993957704,0.0694864048,0.1812688822,,,,,
103,600405,Harding University High School,28208,2014,42570.0,99.0,30.0,124.0,,14.0,49.0,316.0,0.19,,,,0.4479495268,,,0.3690851735,0.334384858,,0.2839116719,,0.1640378549,,,,,
104,600415,Hopewell High School,28078,2014,82225.0,112.0,28.0,187.0,2.5,2.5,20.0,353.0,0.24,0.24,,,0.6358543417,,,0.2605042017,0.2212885154,,0.3585434174,,0.2773109244,,,,0.2941176471,
105,600426,Independence High School,28227,2014,43990.0,154.0,33.0,220.0,2.5,10.0,66.0,485.0,0.66,0.14,,,0.5758196721,,,0.1659836066,0.2356557377,,0.2868852459,0.0594262295,0.2889344262,,,,0.3032786885,
106,600445,Mallard Creek High School,28269,2014,60423.0,232.0,41.0,155.0,2.5,5.0,61.0,495.0,0.51,0.18,,,0.6848484849,,,0.3818181818,0.2525252525,,0.3393939394,,0.3454545455,,,,0.1838383838,
107,600457,Rocky River High School,28227,2014,43990.0,127.0,32.0,147.0,7.0,10.0,80.0,403.0,0.47,0.08,,,0.6144278607,,,0.3781094527,0.368159204,,0.3457711443,0.0771144279,0.2686567164,,,,0.0895522388,
108,600461,,,2014,,,,2.5,,,2.5,5.0,,,,,0.6,,,0.6,0.4,,,,0.6,,,,,
109,600466,Myers Park High School,28209,2014,99628.0,306.0,93.0,108.0,,2.5,126.0,635.0,0.66,0.27,,,0.7622047244,,,0.1322834646,0.1559055118,,0.3937007874,,0.368503937,,,,0.5354330709,
110,600480,North Mecklenburg High School,28078,2014,82225.0,108.0,34.0,60.0,2.5,11.0,172.0,387.0,0.24,0.13,,,0.5984455959,,,0.3393782383,0.2823834197,,0.329015544,,0.2694300518,,,,0.1580310881,
111,600482,,,2014,,56.0,36.0,24.0,,2.5,7.0,124.0,0.5,0.32,,,0.8629032258,,,0.3709677419,0.2741935484,,0.6129032258,0.0725806452,0.25,,,,0.3790322581,
112,600496,Phillip O Berry Academy of Technology,28208,2014,42570.0,138.0,59.0,60.0,6.0,2.5,21.0,288.0,0.23,0.3,,,0.7542662116,,,0.5938566553,0.4778156997,,0.4266211604,0.0819112628,0.3276450512,,,,,
113,600498,Performance Learning Center,28262,2014,,13.0,2.5,53.0,2.5,,12.0,81.0,0.13,0.16,,,0.3797468354,,,0.11392405059999999,0.1265822785,,0.2911392405,,0.0886075949,,,,0.2278481013,
114,600508,Providence High School,28270,2014,82270.0,297.0,56.0,106.0,2.5,,21.0,481.0,0.87,0.31,,,0.8861283644,,0.0848861284,0.0600414079,0.0683229814,,0.4078674948,,0.4782608696,,,,0.6832298137,
115,600535,South Mecklenburg High School,28210,2014,87928.0,202.0,66.0,237.0,2.5,6.0,67.0,581.0,0.66,0.27,,,0.6780238501,,,0.1413969336,0.2299829642,,0.3560477002,0.126064736,0.3219761499,,,,0.3594548552,
116,600576,West Charlotte High School,28216,2014,64442.0,111.0,7.0,175.0,2.5,7.0,50.0,351.0,0.15,,,,0.4102564103,,,0.3561253561,0.3418803419,,0.2421652422,,0.1680911681,,,,,
117,600579,West Mecklenburg High School,28214,2014,65706.0,53.0,16.0,238.0,2.5,,90.0,398.0,0.11,0.1,,,0.4559193955,,0.0528967254,0.2846347607,0.3425692695,,0.2392947103,0.0554156171,0.2166246851,,,,0.0503778338,
118,600592,Julius L. Chambers High School,28262,2014,,81.0,25.0,191.0,2.5,15.0,84.0,397.0,0.17,0.11,,,0.5125,,,0.38,0.3875,,0.275,0.0875,0.2375,,,,,
119,600693,,,2014,,20.0,8.0,95.0,,,9.0,132.0,0.35,0.16,,,0.5639097744,,0.0676691729,0.1428571429,0.2255639098,,0.3609022556,0.1353383459,0.2030075188,,,,0.1954887218,
120,600694,,,2014,,69.0,9.0,27.0,,2.5,12.0,118.0,0.23,0.17,,,0.7226890756,,0.0672268908,0.2352941177,0.2352941177,,0.2941176471,0.0504201681,0.4285714286,,,,0.3277310924,
121,600695,,,2014,,21.0,8.0,41.0,,2.5,20.0,93.0,0.14,0.19,,,0.5483870968,,,0.247311828,0.4086021505,,0.311827957,0.2150537634,0.2365591398,,,,0.0537634409,
122,600696,,,2014,,27.0,12.0,27.0,,2.5,19.0,88.0,0.12,0.11,,,0.5681818182,,,0.4659090909,0.2613636364,,0.3068181818,0.0568181818,0.2613636364,,,,,
123,600697,,,2014,,40.0,2.5,46.0,,,5.0,92.0,0.23,0.12,,,0.6956521739,,0.0543478261,0.3695652174,0.2934782609,,0.4891304348,0.097826087,0.2065217391,0.0652173913,,,0.1086956522,
124,,,,2014,,3320.0,825.0,3107.0,35.0,117.0,1233.0,8637.0,,,,,,,,,,,,,,,,,,
125,,,,2014,,,,,,,,,,,,,,,,,,,,,,,,,,
126,600302,Ardrey Kell High School,28277,2015,109251.0,371.0,91.0,137.0,2.5,2.5,19.0,620.0,0.81,0.43,,,0.8672,,0.1296,0.1232,0.0912,,0.4656,,0.4016,,,,0.5456,
127,600312,William Amos Hough High,28031,2015,91151.0,288.0,54.0,155.0,2.5,2.5,56.0,558.0,0.63,0.34,,,0.8152753108,,,0.0781527531,0.1030195382,,0.4191829485,,0.3960923623,,,,0.6678507993,
128,600334,Cato Middle College High School,28215,2015,50704.0,48.0,9.0,11.0,,,2.5,72.0,0.52,0.52,,,0.9027777778,,,0.4861111111,0.3055555556,,0.5,0.0833333333,0.4027777778,,,,0.3055555556,
129,600341,,,2015,,5.0,5.0,19.0,,,11.0,40.0,0.09,0.14,,,0.55,,,0.375,,0.075,0.3,0.15,0.25,,,0.1,,
130,600361,Butler High School,28105,2015,117852.0,193.0,35.0,159.0,2.5,6.0,50.0,444.0,0.67,0.23,,,0.6644295302,,,0.192393736,0.2192393736,,0.3422818792,0.0760626398,0.322147651,,,,0.3266219239,
131,600364,Military and Global Leadership,28205,2015,50200.0,13.0,2.5,14.0,,2.5,2.5,30.0,0.07,0.5,,,0.7333333333,,0.0666666667,0.5666666667,,,0.2666666667,0.0666666667,0.4666666667,,,,,
132,600377,East Mecklenburg High School,28212,2015,46688.0,146.0,39.0,150.0,,2.5,33.0,370.0,0.39,0.11,,,0.6421052632,,0.0736842105,0.2684210526,0.302631579,,0.3736842105,0.0789473684,0.2684210526,,,,0.1947368421,
133,600386,Hawthorne Academy of Health Sciences,28205,2015,50200.0,,,29.0,,,6.0,35.0,,,,,0.2,,,0.1428571429,,,0.1428571429,0.0571428571,0.0571428571,,,,,
134,600397,Garinger High School,28205,2015,50200.0,58.0,13.0,176.0,2.5,2.5,63.0,315.0,0.11,,,,0.3375,,,0.215625,,0.053125,0.146875,0.059375,0.190625,,,,,
135,600405,Harding University High School,28208,2015,42570.0,107.0,21.0,115.0,2.5,11.0,64.0,319.0,0.07,,,,0.4099378882,,,0.3229813665,,,0.2608695652,0.0621118012,0.149068323,,,,,
136,600415,Hopewell High School,28078,2015,82225.0,143.0,29.0,175.0,2.5,9.0,45.0,402.0,0.26,0.24,,,0.5960591133,,,0.2586206897,0.1896551724,,0.3177339902,0.0665024631,0.2783251232,,,,0.2339901478,
137,600426,Independence High School,28227,2015,43990.0,151.0,26.0,235.0,2.5,13.0,69.0,498.0,0.54,0.13,,,0.592,,,0.184,0.24,,0.314,0.096,0.278,,,,0.266,
138,600439,,,2015,,,,,,,2.5,2.5,,,,,,,,,,,,,,,,,,
139,600443,Levine Middle College High Sch,28105,2015,117852.0,25.0,6.0,6.0,,,2.5,39.0,0.62,0.57,,,0.8205128205,,0.1025641026,0.2307692308,0.2820512821,,0.5128205128,0.1282051282,0.3076923077,0.0512820513,,,0.3076923077,
140,600445,Mallard Creek High School,28269,2015,60423.0,200.0,47.0,222.0,2.5,10.0,71.0,551.0,0.43,0.2,,,0.6213768116,,,0.3623188406,0.2445652174,,0.3297101449,,0.2916666667,,,,0.1539855073,
141,600457,Rocky River High School,28227,2015,43990.0,94.0,21.0,150.0,6.0,7.0,156.0,434.0,0.41,0.09,,,0.5662100457,,,0.3835616438,0.3333333333,,0.2899543379,0.0753424658,0.2762557078,,,,0.0547945206,
142,600461,,,2015,,,,2.5,,,2.5,7.0,,,,,0.2857142857,,,0.1428571429,,,0.1428571429,,0.1428571429,0.1428571429,,0.2857142857,,
143,600466,Myers Park High School,28209,2015,99628.0,299.0,112.0,119.0,2.5,,121.0,652.0,0.49,0.3,,,0.7224736048,,,0.1266968326,0.1463046757,,0.3861236802,,0.3363499246,,,,0.5007541478,
144,600480,North Mecklenburg High School,28078,2015,82225.0,133.0,33.0,162.0,2.5,2.5,51.0,382.0,0.23,0.14,,,0.6041666667,,,0.3541666667,0.2942708333,,0.34375,,0.2604166667,,,,0.1640625,
145,600482,,,2015,,58.0,17.0,30.0,,2.5,13.0,119.0,0.43,0.3,,,0.8319327731,,,0.3949579832,0.3277310924,,0.5798319328,,0.2521008403,,,0.0756302521,0.3697478992,
146,600496,Phillip O Berry Academy of Technology,28208,2015,42570.0,163.0,33.0,77.0,5.0,2.5,41.0,321.0,0.14,0.33,,,0.7360248447,,,0.5776397516,0.4316770186,,0.3260869565,0.099378882,0.4099378882,,,,,
147,600498,Performance Learning Center,28262,2015,,10.0,2.5,53.0,2.5,5.0,23.0,97.0,0.24,0.23,,,0.3917525773,,,0.1855670103,0.206185567,,0.2474226804,,0.1443298969,,,,0.1443298969,
148,600508,Providence High School,28270,2015,82270.0,269.0,79.0,90.0,2.5,,16.0,455.0,0.84,0.31,,,0.899122807,,0.0811403509,0.0701754386,0.076754386,,0.5043859649,0.0504385965,0.3947368421,,,,0.6666666667,
149,600535,South Mecklenburg High School,28210,2015,87928.0,207.0,51.0,283.0,8.0,7.0,55.0,611.0,0.6,0.3,,,0.6802610114,,,0.1615008157,0.2153344209,,0.3866231648,0.1353996737,0.2936378467,,,,0.3197389886,
150,600576,West Charlotte High School,28216,2015,64442.0,59.0,40.0,164.0,2.5,,66.0,332.0,,,,,0.4328358209,,,0.376119403,,,0.2895522388,,0.1432835821,,,,,
151,600579,West Mecklenburg High School,28214,2015,65706.0,111.0,31.0,177.0,,6.0,83.0,408.0,,0.12,,,0.4240196078,,,0.2892156863,,,0.2205882353,0.056372549,0.2034313726,,,,,
152,600592,Julius L. Chambers High School,28262,2015,,100.0,12.0,180.0,,2.5,77.0,372.0,0.06,0.11,,,0.472,,,0.3466666667,,,0.2746666667,0.088,0.1973333333,,,,,
153,600693,,,2015,,27.0,12.0,52.0,,6.0,12.0,109.0,0.3,0.16,,,0.6071428571,,,0.1875,0.25,,0.4285714286,0.125,0.1785714286,,,0.0892857143,0.2410714286,
154,600694,,,2015,,92.0,5.0,22.0,,,6.0,125.0,0.22,0.21,,,0.576,,,0.184,0.208,,0.24,0.096,0.336,,,,0.2,
155,600696,,,2015,,53.0,2.5,82.0,2.5,,18.0,158.0,0.13,0.16,,,0.4620253165,,,0.3291139241,0.2405063291,,0.246835443,0.082278481,0.2151898734,,,,,
156,600697,,,2015,,32.0,2.5,71.0,,,14.0,120.0,0.21,0.18,,,0.5289256198,,0.0826446281,0.2892561984,0.2727272727,,0.3636363636,0.0661157025,0.1652892562,,,,0.0826446281,
157,,,,2015,,3455.0,833.0,3319.0,40.0,99.0,1251.0,8997.0,,,,,,,,,,,,,,,,,,
158,600302,Ardrey Kell High School,28277,2016,109251.0,384.0,91.0,138.0,2.5,,15.0,629.0,0.83,0.47,,,,,,,,,,,,,,,,206.23
159,600312,William Amos Hough High,28031,2016,91151.0,259.0,67.0,191.0,2.5,2.5,45.0,567.0,0.66,0.31,,,,,,,,,,,,,,,,206.23
160,600334,Cato Middle College High School,28215,2016,50704.0,24.0,12.0,6.0,,,2.5,46.0,0.42,0.44,,,,,,,,,,,,,,,,206.23
161,600341,,,2016,,13.0,2.5,20.0,,,2.5,39.0,,0.09,,,,,,,,,,,,,,,,206.23
162,600361,Butler High School,28105,2016,117852.0,142.0,53.0,201.0,2.5,2.5,57.0,460.0,0.67,0.19,,,,,,,,,,,,,,,,206.23
163,600364,Military and Global Leadership,28205,2016,50200.0,12.0,2.5,15.0,,2.5,2.5,34.0,0.11,0.48,,,,,,,,,,,,,,,,206.23
164,600377,East Mecklenburg High School,28212,2016,46688.0,136.0,37.0,135.0,2.5,5.0,32.0,347.0,0.49,0.09,,,,,,,,,,,,,,,,206.23
165,600386,Hawthorne Academy of Health Sciences,28205,2016,50200.0,5.0,,12.0,,,,17.0,0.18,0.28,,,,,,,,,,,,,,,,206.23
166,600397,Garinger High School,28205,2016,50200.0,52.0,18.0,152.0,2.5,,110.0,334.0,0.11,0.06,,,,,,,,,,,,,,,,206.23
167,600405,Harding University High School,28208,2016,42570.0,52.0,17.0,100.0,2.5,2.5,105.0,280.0,0.07,,,,,,,,,,,,,,,,,206.23
168,600415,Hopewell High School,28078,2016,82225.0,135.0,26.0,179.0,2.5,7.0,52.0,402.0,0.37,0.21,,,,,,,,,,,,,,,,206.23
169,600426,Independence High School,28227,2016,43990.0,215.0,29.0,199.0,,10.0,83.0,536.0,0.53,0.11,,,,,,,,,,,,,,,,206.23
170,600443,Levine Middle College High Sch,28105,2016,117852.0,30.0,6.0,2.5,,2.5,5.0,44.0,0.56,0.35,,,,,,,,,,,,,,,,206.23
171,600445,Mallard Creek High School,28269,2016,60423.0,229.0,69.0,227.0,5.0,2.5,66.0,600.0,0.41,0.2,,,,,,,,,,,,,,,,206.23
172,600457,Rocky River High School,28227,2016,43990.0,86.0,33.0,173.0,5.0,6.0,57.0,360.0,0.29,0.11,,,,,,,,,,,,,,,,206.23
173,600461,,,2016,,,,,,,2.5,2.5,,,,,,,,,,,,,,,,,,206.23
174,600466,Myers Park High School,28209,2016,99628.0,333.0,80.0,119.0,,,86.0,618.0,0.53,0.27,,,,,,,,,,,,,,,,206.23
175,600480,North Mecklenburg High School,28078,2016,82225.0,125.0,53.0,161.0,2.5,7.0,71.0,420.0,0.25,0.13,,,,,,,,,,,,,,,,206.23
176,600482,,,2016,,45.0,28.0,30.0,,2.5,13.0,117.0,0.43,0.31,,,,,,,,,,,,,,,,206.23
177,600496,Phillip O Berry Academy of Technology,28208,2016,42570.0,251.0,33.0,96.0,2.5,5.0,21.0,409.0,0.15,0.36,,,,,,,,,,,,,,,,206.23
178,600498,Performance Learning Center,28262,2016,,2.5,5.0,43.0,,,13.0,65.0,0.31,0.14,,,,,,,,,,,,,,,,206.23
179,600508,Providence High School,28270,2016,82270.0,266.0,60.0,89.0,,,27.0,442.0,0.82,0.36,,,,,,,,,,,,,,,,206.23
180,600535,South Mecklenburg High School,28210,2016,87928.0,254.0,78.0,250.0,6.0,5.0,86.0,679.0,0.62,0.32,,,,,,,,,,,,,,,,206.23
181,600576,West Charlotte High School,28216,2016,64442.0,153.0,9.0,120.0,2.5,,53.0,337.0,,0.06,,,,,,,,,,,,,,,,206.23
182,600579,West Mecklenburg High School,28214,2016,65706.0,113.0,14.0,177.0,,,122.0,426.0,0.08,0.1,,,,,,,,,,,,,,,,206.23
183,600592,Julius L. Chambers High School,28262,2016,,124.0,5.0,174.0,,17.0,53.0,373.0,0.08,0.1,,,,,,,,,,,,,,,,206.23
184,600693,,,2016,,29.0,12.0,46.0,2.5,2.5,27.0,117.0,0.34,0.14,,,,,,,,,,,,,,,,206.23
185,600694,,,2016,,93.0,10.0,28.0,,,2.5,133.0,0.27,0.26,,,,,,,,,,,,,,,,206.23
186,600696,,,2016,,36.0,8.0,79.0,2.5,2.5,30.0,156.0,0.12,0.09,,,,,,,,,,,,,,,,206.23
187,600697,,,2016,,49.0,10.0,42.0,2.5,2.5,24.0,129.0,0.31,0.14,,,,,,,,,,,,,,,,206.23
188,,,,2016,,3649.0,869.0,3204.0,46.0,83.0,1269.0,9120.0,,,,,,,,,,,,,,,,,,206.23
189,,,,2016,,,,,,,,,,,,,,,,,,,,,,,,,,206.23
190,600302,Ardrey Kell High School,28277,2017,109251.0,416.0,92.0,90.0,2.5,2.5,37.0,638.0,0.79,0.51,,,0.8584758943,,0.1275272162,0.1166407465,0.066874028,,0.433903577,0.0575427683,0.4245723173,,,,0.5443234837,225.25
191,600312,William Amos Hough High,28031,2017,91151.0,305.0,55.0,152.0,,,50.0,562.0,0.61,0.36,,,0.7824561404,,,0.0719298246,0.0964912281,,0.401754386,,0.3807017544,,,,0.6280701754,225.25
192,600334,Cato Middle College High School,28215,2017,50704.0,56.0,6.0,17.0,,,13.0,92.0,0.45,0.33,,,0.6956521739,,0.1086956522,0.2826086957,0.2173913044,,0.347826087,0.1304347826,0.347826087,,,,0.1413043478,225.25
193,600341,,,2017,,10.0,,8.0,,,5.0,23.0,0.47,,,,0.4347826087,,,0.1304347826,,,0.2608695652,0.2608695652,0.1739130435,,,,,225.25
194,600361,Butler High School,28105,2017,117852.0,176.0,44.0,201.0,,9.0,54.0,484.0,0.66,0.22,,,0.6356275304,,,0.2004048583,0.2206477733,,0.3340080972,0.0870445344,0.3016194332,,,,0.2854251012,225.25
195,600364,Military and Global Leadership,28205,2017,50200.0,6.0,2.5,19.0,,,,28.0,,0.43,,,0.8275862069,,,0.3103448276,,,0.3448275862,0.3103448276,0.4827586207,0.1379310345,,,,225.25
196,600377,East Mecklenburg High School,28212,2017,46688.0,166.0,35.0,109.0,2.5,2.5,25.0,337.0,0.48,0.1,,,0.6889534884,,0.0697674419,0.2790697674,0.3226744186,,0.3837209302,0.0872093023,0.3052325581,,,,0.2034883721,225.25
197,600386,Hawthorne Academy of Health Sciences,28205,2017,50200.0,14.0,,2.5,,,,15.0,0.27,0.36,,,0.7333333333,,,0.4,0.5333333333,,0.4666666667,0.2666666667,0.2666666667,,,,0.0666666667,225.25
198,600397,Garinger High School,28205,2017,50200.0,63.0,38.0,176.0,2.5,13.0,85.0,377.0,0.09,0.08,,,0.3762886598,,,0.2242268041,,,0.2216494845,0.1134020619,0.1546391753,,,,,225.25
199,600404,Harper Middle College High,28273,2017,67621.0,5.0,2.5,2.5,,,,7.0,0.71,0.23,,,0.95,,,0.1428571429,0.1428571429,,0.5714285714,0.1428571429,0.4285714286,,,,0.7142857143,225.25
200,600405,Harding University High School,28208,2017,42570.0,73.0,19.0,86.0,,2.5,143.0,324.0,,,,,0.3558282209,,,0.2423312883,,,0.2423312883,0.0766871166,0.1134969325,,,,,225.25
201,600415,Hopewell High School,28078,2017,82225.0,154.0,13.0,132.0,2.5,2.5,60.0,362.0,0.34,0.2,,,0.5479452055,,,0.2712328767,0.197260274,,0.304109589,0.0575342466,0.2438356164,,,,0.1835616438,225.25
202,600426,Independence High School,28227,2017,43990.0,244.0,31.0,162.0,2.5,2.5,108.0,548.0,0.49,0.12,,,0.4821428571,,,0.1660714286,0.1839285714,,0.2642857143,0.0767857143,0.2178571429,,,,0.1857142857,225.25
203,600443,Levine Middle College High Sch,28105,2017,117852.0,54.0,5.0,13.0,,2.5,8.0,82.0,0.63,0.28,,,0.756097561,,0.0609756098,0.1585365854,0.1341463415,,0.4756097561,0.0853658537,0.2804878049,,,,0.4146341463,225.25
204,600445,Mallard Creek High School,28269,2017,60423.0,247.0,35.0,216.0,2.5,2.5,81.0,581.0,0.4,0.19,,,0.6037414966,,,0.3673469388,0.2244897959,,0.3197278912,0.0578231293,0.2840136054,,,,0.1156462585,225.25
205,600457,Rocky River High School,28227,2017,43990.0,107.0,29.0,169.0,5.0,8.0,45.0,363.0,0.14,0.08,,,0.5081081081,,,0.3405405405,0.2972972973,,0.2918918919,0.0810810811,0.2162162162,,,,,225.25
206,600466,Myers Park High School,28209,2017,99628.0,339.0,102.0,82.0,2.5,2.5,136.0,662.0,0.53,0.27,,,0.7338345865,,,0.1142857143,0.1142857143,,0.3879699248,,0.3458646617,,,,0.5383458647,225.25
207,600480,North Mecklenburg High School,28078,2017,82225.0,138.0,49.0,95.0,2.5,10.0,116.0,411.0,0.27,0.12,,,0.5555555556,,,0.3115942029,0.2608695652,,0.3502415459,0.0628019324,0.2053140097,,,,0.1207729469,225.25
208,600482,,,2017,,57.0,32.0,36.0,,,11.0,136.0,0.61,0.3,,,0.8455882353,,,0.3161764706,0.2058823529,,0.625,,0.2205882353,,,,0.4117647059,225.25
209,600496,Phillip O Berry Academy of Technology,28208,2017,42570.0,224.0,15.0,92.0,2.5,2.5,20.0,356.0,0.19,0.35,,,0.652892562,,,0.5316804408,0.3829201102,,0.3719008265,0.0550964187,0.2809917355,,,,,225.25
210,600498,Performance Learning Center,28262,2017,,12.0,5.0,15.0,,2.5,9.0,42.0,,,,,0.5238095238,,,0.3333333333,0.1666666667,,0.380952381,,0.1428571429,,,0.0714285714,0.1190476191,225.25
211,600499,Charlotte-Mecklenburg Virtual High,28216,2017,64442.0,2.5,,41.0,,,2.5,46.0,0.29,0.11,,,0.4130434783,,,0.1304347826,0.0869565217,,0.2608695652,,0.152173913,,,,0.2826086957,225.25
212,600508,Providence High School,28270,2017,82270.0,281.0,67.0,77.0,2.5,,19.0,445.0,0.82,0.36,,,0.8647450111,,0.1019955654,0.0643015521,,,0.4390243902,,0.4257206208,,,,0.645232816,225.25
213,600535,South Mecklenburg High School,28210,2017,87928.0,230.0,78.0,243.0,2.5,2.5,83.0,638.0,0.57,0.32,,,0.6386292835,,,0.1682242991,0.214953271,,0.3613707165,0.1214953271,0.277258567,,,,0.292834891,225.25
214,600576,West Charlotte High School,28216,2017,64442.0,139.0,9.0,148.0,,2.5,42.0,339.0,,0.06,,,0.3567251462,,,0.3128654971,,,0.2426900585,,0.1140350877,,,,,225.25
215,600579,West Mecklenburg High School,28214,2017,65706.0,135.0,10.0,140.0,,,112.0,397.0,0.09,0.1,,,0.3747016706,,,0.2482100239,,,0.23150358,0.062052506,0.1431980907,,,,,225.25
216,600592,Julius L. Chambers High School,28262,2017,,160.0,10.0,176.0,,,68.0,414.0,0.07,0.09,,,0.376498801,,,0.2565947242,,,0.206235012,0.0743405276,0.170263789,,,,,225.25
217,600693,,,2017,,36.0,16.0,61.0,2.5,2.5,13.0,130.0,0.29,0.18,,,0.6015037594,,0.0676691729,0.2180451128,0.2330827068,,0.4586466165,0.1428571429,0.1428571429,,,,0.1729323308,225.25
218,600694,,,2017,,88.0,10.0,37.0,,,11.0,146.0,0.37,0.21,,,0.6575342466,,0.0753424658,0.2671232877,0.2123287671,,0.2602739726,0.0684931507,0.397260274,,,,0.2260273973,225.25
219,600695,,,2017,,25.0,,17.0,,,11.0,53.0,0.08,0.06,,,0.4528301887,,0.0566037736,0.1698113208,0.1886792453,,0.1509433962,0.1132075472,0.3018867925,,,,0.1132075472,225.25
220,600696,,,2017,,21.0,9.0,52.0,2.5,2.5,45.0,130.0,0.23,0.08,,,0.3923076923,,,0.2538461539,0.2538461539,,0.2230769231,0.1,0.1692307692,,,,,225.25
221,600697,,,2017,,53.0,9.0,46.0,2.5,,16.0,125.0,0.2,0.22,,,0.536,,0.096,0.272,0.28,,0.304,0.08,0.232,,,,0.064,225.25
222,600302,Ardrey Kell High School,28277,2018,109251.0,457.0,85.0,107.0,2.5,2.5,15.0,668.0,0.82,0.53,29.0,65.95,,,0.9426229508,0.7666666667,0.6037735849,0.5263157895,0.9078212291,0.6949152542,0.8396226415,0.9333333333,,0.5294117647,0.9051282051,225.25
223,600312,William Amos Hough High,28031,2018,91151.0,345.0,66.0,163.0,2.5,2.5,50.0,627.0,0.66,0.37,23.0,61.68,,,0.6842105263,0.6129032258,0.5882352941,,0.8112094395,0.5490196078,0.7205387205,0.7333333333,,0.5365853659,0.818556701,225.25
224,600334,Cato Middle College High School,28215,2018,50704.0,66.0,17.0,10.0,,2.5,14.0,110.0,0.37,0.28,,,,,,0.6612903226,0.71875,,0.7162162162,,0.6388888889,,,,0.7692307692,225.25
225,600341,,,2018,,2.5,2.5,10.0,,,13.0,30.0,0.41,,,,,,,,,,,,,,,,,225.25
226,600361,Butler High School,28105,2018,117852.0,158.0,35.0,226.0,2.5,7.0,45.0,473.0,0.69,0.23,0.0,67.67,,,0.7692307692,0.5359477124,0.4472049689,,0.6178861789,0.3736263736,0.5541125541,0.5217391304,,0.3111111111,0.7158469945,225.25
227,600364,Military and Global Leadership,28205,2018,50200.0,2.5,2.5,2.5,,,2.5,9.0,,0.24,54.0,69.62,,,,,,,,,,,,,,225.25
228,600377,East Mecklenburg High School,28212,2018,46688.0,150.0,31.0,135.0,,2.5,38.0,358.0,0.52,0.11,12.0,61.99,,,0.7631578947,0.4705882353,0.5538461538,0.4705882353,0.5789473684,0.5595238095,0.5397727273,0.75,,,0.6081081081,225.25
229,600386,Hawthorne Academy of Health Sciences,28205,2018,50200.0,17.0,,9.0,,,,26.0,0.17,0.33,15.0,97.93,,,,0.7222222222,,,0.6842105263,,,,,,,225.25
230,600397,Garinger High School,28205,2018,50200.0,66.0,18.0,221.0,,5.0,68.0,378.0,0.09,0.07,4.0,51.65,,,0.2857142857,0.3072289157,,0.1919191919,0.2311557789,0.2134146341,0.3005464481,,,,,225.25
231,600404,Harper Middle College High,28273,2018,67621.0,34.0,10.0,9.0,,,7.0,60.0,0.42,0.1,,,,,,0.9473684211,0.8461538462,,0.84375,,0.75,,,,0.6842105263,225.25
232,600405,Harding University High School,28208,2018,42570.0,64.0,24.0,128.0,,,78.0,294.0,,,8.0,60.63,,,,0.3351648352,,,0.2580645161,,0.2573529412,,,,,225.25
233,600415,Hopewell High School,28078,2018,82225.0,104.0,20.0,159.0,2.5,2.5,65.0,353.0,0.41,0.17,10.0,69.81,,,,0.3966480447,0.3607594937,,0.50625,0.2291666667,0.4072164948,,,,0.6095238095,225.25
234,600426,Independence High School,28227,2018,43990.0,208.0,19.0,237.0,2.5,2.5,100.0,569.0,0.5,0.16,22.0,61.7,,,0.55,0.3863636364,0.3581081081,0.2388059701,0.4563106796,0.2732919255,0.4111111111,0.7647058824,,0.2352941176,0.5714285714,225.25
235,600443,Levine Middle College High Sch,28105,2018,117852.0,76.0,12.0,20.0,,,10.0,118.0,0.68,0.29,,,,,,0.8461538462,0.7272727273,,0.8076923077,0.5882352941,0.8,,,,0.8208955224,225.25
236,600445,Mallard Creek High School,28269,2018,60423.0,292.0,33.0,256.0,2.5,2.5,80.0,667.0,0.44,0.2,18.0,59.85,,,0.7631578947,0.5753715499,0.5692883895,,0.6620498615,0.42,0.5015772871,0.5925925926,,0.306122449,0.6703296703,225.25
237,600457,Rocky River High School,28227,2018,43990.0,104.0,23.0,140.0,2.5,2.5,69.0,342.0,0.13,0.08,,,,,,0.5,0.4541284404,,0.5423728814,0.308411215,0.3468208092,,,,,225.25
238,600461,,,2018,,,,2.5,,,,2.5,,,5.0,27.54,,,,,,,,,,,,,,225.25
239,600466,Myers Park High School,28209,2018,99628.0,345.0,113.0,126.0,2.5,2.5,111.0,700.0,0.56,0.26,2.0,55.95,,,0.8181818182,0.4858757062,0.4352941176,,0.7645502646,0.390625,0.664652568,,,0.3043478261,0.8634259259,225.25
240,600480,North Mecklenburg High School,28078,2018,82225.0,179.0,49.0,148.0,2.5,6.0,58.0,443.0,0.38,0.1,2.0,61.23,,,0.95,0.6076388889,0.5924170616,,0.6506024096,0.4363636364,0.5773195876,,,,0.7375,225.25
241,600482,,,2018,,39.0,31.0,42.0,2.5,2.5,6.0,121.0,0.63,0.28,,,,,,0.7692307692,0.6666666667,,0.7752808989,,0.6875,,,,0.7647058824,225.25
242,600490,Olympic High School,28273,2018,67621.0,,,2.5,,,2.5,5.0,,,,,,,,,,,,,,,,,,225.25
243,600496,Phillip O Berry Academy of Technology,28208,2018,42570.0,239.0,22.0,93.0,,2.5,21.0,377.0,0.22,0.28,33.0,89.19,,,0.75,0.6716981132,0.6045454545,,0.6616161616,0.5,0.5944444444,,,,,225.25
244,600498,Performance Learning Center,28262,2018,,6.0,2.5,16.0,,2.5,2.5,33.0,,,2.0,78.75,,,,0.4583333333,,,,,,,,,,225.25
245,600499,Charlotte-Mecklenburg Virtual High,28216,2018,64442.0,31.0,,55.0,,,2.5,87.0,0.4,0.13,8.0,33.33,,,,,,,0.4423076923,,0.3714285714,,,,0.4705882353,225.25
246,600508,Providence High School,28270,2018,82270.0,277.0,79.0,107.0,2.5,2.5,30.0,496.0,0.8,0.36,5.0,61.43,,,0.9444444444,0.8085106383,0.641509434,,0.9157088123,0.6,0.8067226891,,,0.6571428571,0.8898305085,225.25
247,600535,South Mecklenburg High School,28210,2018,87928.0,276.0,94.0,242.0,,9.0,89.0,710.0,0.57,0.33,7.0,56.1,,,0.8888888889,0.5789473684,0.5340909091,0.2807017544,0.6927374302,0.4646464646,0.5823863636,0.7916666667,,0.4,0.7714285714,225.25
248,600567,Char Eng Early College-UNCC,28262,2018,,5.0,2.5,2.5,,,2.5,15.0,,,,,,,,,,,,,,,,,,225.25
249,600576,West Charlotte High School,28216,2018,64442.0,139.0,10.0,144.0,2.5,,24.0,318.0,,0.06,45.0,62.32,,,,0.3396946565,,,0.3575757576,,0.2715231788,,,,,225.25
250,600579,West Mecklenburg High School,28214,2018,65706.0,89.0,10.0,180.0,,2.5,108.0,388.0,0.15,0.09,8.0,73.07,,,,0.3023255814,,,0.3512195122,0.2857142857,0.2417582418,,,,,225.25
251,600592,Julius L. Chambers High School,28262,2018,,71.0,37.0,224.0,2.5,2.5,40.0,377.0,0.15,0.07,12.0,59.32,,,,0.5107296137,,,0.455026455,0.2068965517,0.3608247423,,,,,225.25
252,600594,Merancas Middle College-CPCC,28078,2018,82225.0,2.5,,,,,,2.5,0.53,0.45,,,,,,,,,,,,,,,,225.25
253,600693,,,2018,,33.0,9.0,69.0,2.5,,12.0,125.0,0.33,0.17,7.0,56.65,,,,,,,,,,,,,,225.25
254,600697,,,2018,,33.0,16.0,70.0,2.5,2.5,20.0,142.0,0.16,0.23,,,,,,,,,,,,,,,,225.25
255,,,,2018,,4038.0,900.0,3449.0,35.0,72.0,1250.0,9744.0,,,,,,,,,,,,,,,,,,225.25
256,,,,2018,,,,,,,,,,,,,,,,,,,,,,,,,,225.25
257,600302,Ardrey Kell High School,28277,2019,109251.0,506.0,105.0,159.0,2.5,2.5,30.0,804.0,0.8127853881,0.51688,,68.3,,,0.74,0.7065217391,0.5161290323,0.44,0.7962962963,0.5,0.7435897436,0.8181818182,,0.5581395349,0.8235294118,225.25
258,600312,William Amos Hough High,28031,2019,91151.0,329.0,68.0,173.0,2.5,2.5,62.0,635.0,0.6906019007,0.37825,,59.09,,,0.7222222222,0.5972222222,0.4415584416,,0.7574850299,0.4918032787,0.6339869281,,,0.3902439024,0.7473460722,225.25
259,600334,Cato Middle College High School,28215,2019,50704.0,77.0,7.0,10.0,,2.5,10.0,105.0,0.5272727273,0.21239,,22.12,,,,0.72,0.72,,0.5974025974,,0.6071428571,,,,0.4782608696,225.25
260,600341,,,2019,,2.5,5.0,25.0,,2.5,12.0,46.0,,,,63.75,,,,0.4166666667,,,0.4166666667,,,,,,,225.25
261,600361,Butler High School,28105,2019,117852.0,202.0,36.0,159.0,2.5,10.0,86.0,494.0,0.7455048409,0.20295,,65.17,,,0.5161290323,0.6040268456,0.4535519126,0.2558139535,0.6363636364,0.3103448276,0.4732510288,,,,0.6810810811,225.25
262,600364,Military and Global Leadership,28205,2019,50200.0,5.0,2.5,11.0,,,11.0,28.0,0.0576923077,0.21164,,82.7,,,,,,,0.5263157895,,,,,,,225.25
263,600377,East Mecklenburg High School,28212,2019,46688.0,129.0,25.0,211.0,,2.5,60.0,426.0,0.5200945626,0.121,,66.73,,,0.5882352941,0.4886363636,0.4383561644,,0.5307017544,0.3909090909,0.4898989899,,,,0.6774193548,225.25
264,600386,Hawthorne Academy of Health Sciences,28205,2019,50200.0,27.0,2.5,5.0,,2.5,2.5,39.0,0.1958762887,0.30522,,97.99,,,,0.7083333333,,,0.6296296296,,,,,,,225.25
265,600397,Garinger High School,28205,2019,50200.0,42.0,10.0,111.0,,14.0,210.0,387.0,0.0959409594,0.10427,,65.66,,,,0.253968254,,0.1195652174,0.3037383178,0.1741935484,0.1186440678,,,,,225.25
266,600404,Harper Middle College High,28273,2019,67621.0,44.0,8.0,18.0,,,14.0,84.0,0.775,0.15934,,40.44,,,,0.6315789474,,,0.652173913,,0.6052631579,,,,0.7435897436,225.25
267,600405,Harding University High School,28208,2019,42570.0,64.0,5.0,99.0,2.5,8.0,108.0,287.0,0.0777777778,0.10509,,58.74,,,,0.2909090909,,,0.2657342657,0.1616161616,0.222972973,,,,,225.25
268,600415,Hopewell High School,28078,2019,82225.0,126.0,17.0,90.0,2.5,5.0,151.0,391.0,0.3922413793,0.09134,,65.3,,,,0.4105263158,0.3048780488,,0.519047619,0.231884058,0.3551912568,,,,0.6388888889,225.25
269,600426,Independence High School,28227,2019,43990.0,155.0,33.0,184.0,2.5,2.5,151.0,528.0,0.4561128527,0.16387,,62.12,,,0.5,0.4534161491,0.3717948718,,0.5153846154,0.2974683544,0.3740740741,0.652173913,,,0.5379746835,225.25
270,600439,,,2019,,,,2.5,,,,2.5,,,,47.08,,,,,,,,,,,,,,225.25
271,600443,Levine Middle College High Sch,28105,2019,117852.0,66.0,16.0,12.0,,,8.0,102.0,0.7294117647,0.2913,,28.38,,,,0.6666666667,,,0.75,,0.5882352941,,,,0.7042253521,225.25
272,600445,Mallard Creek High School,28269,2019,60423.0,235.0,34.0,218.0,2.5,2.5,138.0,627.0,0.45443196,0.20318,,62.71,,,0.52,0.5441860465,0.4823529412,0.55,0.5974025974,0.4426229508,0.5,0.6333333333,,0.3035714286,0.6296296296,225.25
273,600457,Rocky River High School,28227,2019,43990.0,94.0,28.0,166.0,2.5,12.0,60.0,362.0,0.1548672566,0.10328,,61.65,,,,0.5388127854,0.4902912621,,0.5531914894,0.4017857143,0.4043715847,,,0.25,,225.25
274,600461,,,2019,,,,2.5,,,2.5,2.5,,,,,,,,,,,,,,,,,,225.25
275,600466,Myers Park High School,28209,2019,99628.0,381.0,84.0,109.0,2.5,,155.0,730.0,0.5450151057,0.28825,,51.95,,,0.7272727273,0.3767123288,0.3987341772,,0.6837837838,0.4307692308,0.6509695291,,,0.3720930233,0.79375,225.25
276,600480,North Mecklenburg High School,28078,2019,82225.0,99.0,51.0,163.0,2.5,13.0,81.0,410.0,0.3536121673,0.09408,,62.75,,,,0.5324675325,0.4886363636,,0.6195121951,0.421875,0.5196078431,,,0.3846153846,0.7640449438,225.25
277,600482,,,2019,,54.0,30.0,33.0,,,19.0,136.0,0.5120772947,0.34848,,35.0,,,,0.7719298246,0.625,,0.8020833333,,0.7,,,,0.7894736842,225.25
278,600490,Olympic High School,28273,2019,67621.0,229.0,12.0,253.0,2.5,2.5,109.0,608.0,0.3247089263,0.16536,,71.06,,,0.5555555556,0.4897959184,0.4556451613,0.4,0.5657894737,0.3571428571,0.3806451613,,,0.2380952381,0.5670103093,225.25
279,600496,Phillip O Berry Academy of Technology,28208,2019,42570.0,223.0,20.0,74.0,2.5,2.5,14.0,333.0,0.2291371994,0.25774,,88.03,,,,0.6991150442,0.5621621622,,0.6927710843,0.5633802817,0.567251462,,,,,225.25
280,600498,Performance Learning Center,28262,2019,,8.0,2.5,27.0,,5.0,2.5,48.0,0.1176470588,0.09091,,83.02,,,,0.3125,,,0.34375,,,,,,,225.25
281,600499,Charlotte-Mecklenburg Virtual High,28216,2019,64442.0,10.0,2.5,75.0,,,,86.0,0.4545454545,0.10381,,37.07,,,,,,,0.358490566,,0.303030303,,,,0.3947368421,225.25
282,600508,Providence High School,28270,2019,82270.0,256.0,60.0,103.0,2.5,,32.0,453.0,0.8333333333,0.38402,,64.4,,,0.7959183673,0.6486486486,0.5428571429,,0.8553191489,0.7,0.742081448,,,,0.83125,225.25
283,600535,South Mecklenburg High School,28210,2019,87928.0,231.0,75.0,260.0,,2.5,66.0,633.0,0.5959752322,0.32327,,56.15,,,0.6666666667,0.5751633987,0.3690987124,0.2203389831,0.5787965616,0.2920792079,0.5208333333,0.6666666667,,0.4193548387,0.735042735,225.25
284,600567,Char Eng Early College-UNCC,28262,2019,,40.0,7.0,7.0,2.5,2.5,19.0,76.0,0.6909090909,0.17516,,84.5,,,,0.7096774194,,,0.7428571429,0.5263157895,0.6428571429,,,,0.75,225.25
285,600576,West Charlotte High School,28216,2019,64442.0,129.0,6.0,122.0,,2.5,19.0,278.0,0.05,0.13537,,55.56,,,,0.3760683761,,,0.4,,0.2903225806,,,,,225.25
286,600579,West Mecklenburg High School,28214,2019,65706.0,82.0,22.0,148.0,,2.5,78.0,331.0,0.1021126761,0.1568,,81.54,,,0.5217391304,0.4380952381,,,0.4545454545,,0.3431952663,0.52,,,,225.25
287,600592,Julius L. Chambers High School,28262,2019,,66.0,32.0,205.0,2.5,9.0,76.0,389.0,0.2262773723,0.04485,,65.96,,,,0.435483871,,0.2678571429,0.4615384615,0.2478632479,0.33,,,0.3428571429,,225.25
288,600594,Merancas Middle College-CPCC,28078,2019,82225.0,38.0,2.5,9.0,2.5,,5.0,57.0,0.5689655172,0.28402,,,,,,0.6086956522,,,0.7142857143,,0.5454545455,,,,0.76,225.25
289,600302,Ardrey Kell High School,28277,2020,109251.0,489.0,90.0,142.0,,6.0,43.0,770.0,0.7529904306,0.52528,,66.71,,,,,,,,,,,,,,225.25
290,600312,William Amos Hough High,28031,2020,91151.0,313.0,63.0,171.0,2.5,2.5,42.0,592.0,0.6977777778,0.40636,,60.42,,,,,,,,,,,,,,225.25
291,600334,Cato Middle College High School,28215,2020,50704.0,66.0,7.0,6.0,,2.5,9.0,89.0,0.4242424242,0.26267,,,,,,,,,,,,,,,,225.25
292,600341,,,2020,,10.0,7.0,30.0,,2.5,17.0,66.0,0.28125,0.08475,,83.59,,,,,,,,,,,,,,225.25
293,600361,Butler High School,28105,2020,117852.0,141.0,38.0,157.0,2.5,2.5,111.0,454.0,0.6755905512,0.19309,,66.77,,,,,,,,,,,,,,225.25
294,600364,Military and Global Leadership,28205,2020,50200.0,2.5,2.5,14.0,,,8.0,28.0,0.05,0.06215,,90.4,,,,,,,,,,,,,,225.25
295,600377,East Mecklenburg High School,28212,2020,46688.0,161.0,25.0,140.0,2.5,,64.0,392.0,0.5183333333,0.199,,65.56,,,,,,,,,,,,,,225.25
296,600386,Hawthorne Academy of Health Sciences,28205,2020,50200.0,36.0,2.5,8.0,,,2.5,47.0,0.2476190476,0.25547,,95.0,,,,,,,,,,,,,,225.25
297,600397,Garinger High School,28205,2020,50200.0,49.0,15.0,137.0,2.5,5.0,231.0,438.0,0.2347826087,0.04696,,60.57,,,,,,,,,,,,,,225.25
298,600404,Harper Middle College High,28273,2020,67621.0,60.0,,2.5,,,9.0,73.0,0.7,0.23077,,,,,,,,,,,,,,,,225.25
299,600405,Harding University High School,28208,2020,42570.0,85.0,5.0,121.0,,,86.0,297.0,0.3513513514,0.04391,,63.14,,,,,,,,,,,,,,225.25
300,600415,Hopewell High School,28078,2020,82225.0,129.0,24.0,139.0,2.5,9.0,100.0,403.0,0.4761904762,0.10067,,71.53,,,,,,,,,,,,,,225.25
301,600426,Independence High School,28227,2020,43990.0,176.0,19.0,194.0,,2.5,107.0,499.0,0.4041958042,0.19249,,68.45,,,,,,,,,,,,,,225.25
302,600439,,,2020,,,,2.5,,,2.5,2.5,,,,79.6,,,,,,,,,,,,,,225.25
303,600443,Levine Middle College High Sch,28105,2020,117852.0,43.0,15.0,8.0,,,16.0,82.0,0.6216216216,0.26106,,,,,,,,,,,,,,,,225.25
304,600445,Mallard Creek High School,28269,2020,60423.0,213.0,56.0,233.0,2.5,6.0,83.0,593.0,0.5907692308,0.15887,,64.31,,,,,,,,,,,,,,225.25
305,600457,Rocky River High School,28227,2020,43990.0,76.0,14.0,163.0,2.5,5.0,97.0,357.0,0.2216981132,0.11449,,67.35,,,,,,,,,,,,,,225.25
306,600461,,,2020,,,,,,,2.5,2.5,,,,,,,,,,,,,,,,,,225.25
307,600466,Myers Park High School,28209,2020,99628.0,406.0,115.0,90.0,2.5,,154.0,766.0,0.5927230047,0.0,,50.09,,,,,,,,,,,,,,225.25
308,600480,North Mecklenburg High School,28078,2020,82225.0,140.0,40.0,195.0,2.5,27.0,95.0,498.0,0.4823943662,0.10569,,64.23,,,,,,,,,,,,,,225.25
309,600482,,,2020,,62.0,26.0,27.0,,5.0,16.0,136.0,0.5371900826,0.28785,,,,,,,,,,,,,,,,225.25
310,600490,Olympic High School,28273,2020,67621.0,233.0,15.0,225.0,2.5,5.0,117.0,597.0,0.4088050314,0.1417,,76.52,,,,,,,,,,,,,,225.25
311,600496,Phillip O Berry Academy of Technology,28208,2020,42570.0,220.0,9.0,89.0,,,29.0,347.0,0.2744565217,0.26564,,86.41,,,,,,,,,,,,,,225.25
312,600498,Performance Learning Center,28262,2020,,8.0,2.5,26.0,,2.5,6.0,46.0,,,,76.86,,,,,,,,,,,,,,225.25
313,600499,Charlotte-Mecklenburg Virtual High,28216,2020,64442.0,13.0,2.5,65.0,,,2.5,81.0,0.5813953488,0.12108,,56.95,,,,,,,,,,,,,,225.25
314,600508,Providence High School,28270,2020,82270.0,279.0,63.0,83.0,,,19.0,444.0,0.7945791726,0.3804,,67.8,,,,,,,,,,,,,,225.25
315,600535,South Mecklenburg High School,28210,2020,87928.0,270.0,77.0,271.0,2.5,2.5,155.0,776.0,0.6005221932,0.30399,,62.6,,,,,,,,,,,,,,225.25
316,600567,Char Eng Early College-UNCC,28262,2020,,33.0,5.0,13.0,,2.5,13.0,66.0,0.7627118644,0.20775,,91.55,,,,,,,,,,,,,,225.25
317,600576,West Charlotte High School,28216,2020,64442.0,121.0,2.5,121.0,,2.5,22.0,269.0,0.0714285714,0.09406,,62.23,,,,,,,,,,,,,,225.25
318,600579,West Mecklenburg High School,28214,2020,65706.0,38.0,6.0,153.0,,2.5,77.0,276.0,0.1179775281,0.12241,,82.72,,,,,,,,,,,,,,225.25
319,600582,,,2020,,7.0,2.5,2.5,,,2.5,13.0,0.425,0.28906,,,,,,,,,,,,,,,,225.25
320,600592,Julius L. Chambers High School,28262,2020,,101.0,26.0,179.0,2.5,5.0,91.0,404.0,0.1944444444,0.12758,,71.62,,,,,,,,,,,,,,225.25
